{
  "accuracy": {
    "mean": 0.9266666666666666,
    "std": 0.03784308081316977,
    "min": 0.8666666666666667,
    "max": 1.0
  },
  "comparisons": {
    "mean": 13238.5,
    "std": 9.732534213770956,
    "min": 13225,
    "max": 13259
  },
  "execution_time": {
    "mean": 0.7580795049667358,
    "std": 0.04279788757149488
  },
  "top_10_accuracy": {
    "mean": 0.9,
    "std": 0.06666666666666665
  },
  "top_20_accuracy": {
    "mean": 0.895,
    "std": 0.04972144630058764
  }
}